Title,Description
How Robert Fico rose to dominate Slovak politics,The PM is known for his ability to reinvent his political career in the face of major setbacks.
Israeli tank fire kills five IDF soldiers in north Gaza,The reported friendly-fire incident in Jabalia is one of the deadliest since the war began.
Slovak PM seriously hurt but 'stable' after shooting,"Robert Fico's condition is still ""very serious"" after he was shot several times on Wednesday."
Could the US economy be doing too well?,The US economic boom has consequences for the global balance of power - and for the UK.
Afghan floods: ‘I found my family's bodies in the street’,"As deadly flash floods hit Afghanistan, whole families and their homes have been swept away."
The man who turned his dead father into a chatbot,"The ""grief tech"" firms helping users create talking avatars of their dead relatives."
The Oval Office meeting pivotal to case against Trump,Michael Cohen testified he met Trump weeks into his presidency to talk about hush money.
Only from the BBC,"Little-remembered BBC film Robin Redbreast was a chilling parable – about a single, pregnant woman trapped in a sinister village – that was ahead of its time."
The 'lost' horror that's the UK's answer to Rosemary's Baby,His supporters hoped Rishi Sunak would breathe life back into the Conservatives. Few are convinced he has.
How it went wrong for Project Sunak,"China is a vital ally, but Mr Xi is facing increasing pressure to distance himself from his ""dear friend""."
What is Xi Jinping prepared to pay for Putin’s war?,Sunil Chhetri has said India's World Cup qualification match against Kuwait will be his last game.
'It can set the country on fire': AI and India's election,Zhang Zhan's condition is unclear several days after her scheduled release from jail.
Indian football icon announces retirement from sport,Nio's new brand Onvo has launched its challenger to the world's best-selling electric vehicle.
Worry as release of Wuhan blogger remains unclear,"As deepfakes and AI-manipulated content circulate in India, experts worry about their implications."
China's Nio unveils Tesla Model Y rival,Nio's new brand Onvo has launched its challenger to the world's best-selling electric vehicle.
Slovak PM shot in apparent assassination attempt,Watch video of the super-fast Dana squid as it flashes its immense light-emitting organs.
Spectacular Nasa footage of solar activity behind the aurora,The BBC got to see just how easy it is to create a fake phone call between two people.
How fans in Sweden said 'no' to VAR,"Biologists in the US are working hard to raise the population of red wolves, which is down to around 20 in the wild."
Rare squid encounter in the deep Pacific,"Hundreds of tonnes of aid is in Cyprus, where it will be loaded on to ships for delivery to the pier."
India election: BBC journalist gets a call from AI-generated Trump,"China is a vital ally, but Mr Xi is facing increasing pressure to distance himself from his ""dear friend""."
Endangered red wolf pack welcomes new litter of pups,The US Coast Guard is on the scene investigating the extent of the damage.
An F1-fanatic chef's guide to Emilia-Romagna,"A guide to the 2024 ICC Men's T20 World Cup in the United States and West Indies, which begins on 2 June and runs until 29 June."
What a human vaccine for bird flu would look like,Israeli forces and Hamas fighters say they are engaged in fierce clashes in north and south Gaza.
Israel-Gaza War,"Ousman Sonko is convicted of crimes against humanity, including killing and torture, committed in The Gambia."
Battles intensify in Gaza's Jabalia and Rafah,"The ""grief tech"" firms helping users create talking avatars of their dead relatives."
Israeli minister attacks Netanyahu over Gaza future,"Lawyers for the illusionist say the allegations are ""false and scurrilous""."
US says floating pier for Gaza aid operational 'in days',"England back-row Maddie Feaunati signs a new contract with Exeter Chiefs, with her sister Zara also joining the club."
How is China helping out sanctioned Russia?,Cut through the spin with North America correspondent Anthony Zurcher - in your inbox every Wednesday.
Ukraine troops pull back in Kharkiv after Russia offensive,"Discover the headlines from this week in history. See the past come to life through the BBC's unique archive, in your inbox every Thursday."
US 'rushing' weapons to front lines in Ukraine,"It’s only mid-May, but thousands of people have already been evacuated across Canada as fires rage."
US and Canada news,"To embrace her Jewish heritage and Mexican upbringing, Fany Gerson adds spicy chillies, avocado, coriander and lime to her matzah ball soup – a perfect twist for a Passover Seder."
A quick guide to the life of Donald Trump,"Long known as the heart of the city's Latinx scene, the Mission has blossomed into a melting pot of cool. Loló co-owner Jorge Martinez Lillard shares his tips on what to do nearby."
Biden and Trump agree debates as RFK vies to qualify,Copyright 2024 BBC. All rights reserved.TheBBCisnot responsible for the content of external sites.Read about our approach to external linking.
Defence for Bob Menendez casts blame on his wife,
Barge spills oil after Texas bridge collision,No description available
Modi holds roadshow in Varanasi,No description available
Modi snorkels in Lakshadweep,No description available
Modi inaugurates Ram temple in Ayodhya,No description available
Victoria state parliament bans keffiyeh scarves,No description available
Australian colonial statue toppled before historic ruling,No description available
'Expressing myself through art' - Man City's Kennedy talks tattoos,No description available
"ICC Men's T20 World Cup format, rules & past winners",No description available
"Mason: How soon would Labour deliver 40,000 NHS appointments?",No description available
Starmer: No quick fix to the mess the Tories have made,No description available
Keir Starmer sets out six election pledges,No description available
Court cases delayed after pressure on prison places,No description available
Middle East news,No description available
The race to raise blood money to halt an execution,No description available
Worshippers locked in Nigeria mosque and set on fire,No description available
Why South Africa's health insurance is causing ructions,No description available
Swiss court jails Gambia ex-minister for 20 years,No description available
"At home with Arteta - childhood, career and family",No description available
"Don't panic, says stock market boss as firms leave UK",No description available
'Glow up' for Bridgerton stars as new season starts,No description available
Furiosa is spectacular - but a disappointment ★★★☆☆,No description available
David Copperfield accused of sexual misconduct,No description available
MK Dons' striker Dean banned for three games,No description available
Murray through to next round on injury return,No description available
Man City goalkeeper Keating wins WSL golden glove,No description available
England forward Feaunati agrees new Exeter deal,No description available
Sign up for our newsletters,No description available
The Essential List,No description available
US Election Unspun,No description available
Pacific squid flashes its huge attack 'headlights',No description available
Scientists solve mystery of ancient 'tree of life',No description available
Why is Canada having so many wildfires this season?,No description available
Science and health,No description available
A Korean feast that honours Buddha's birth,No description available
A time-honoured guacamole lookalike,No description available
How brewers are reviving ancient beers,No description available
A new take on matzah ball soup,No description available
Where do all those Mother's Day flowers come from?,No description available
The US Founding Father who travelled the globe,No description available
Yosemite's hidden Chinese American history,No description available
An insider's guide to San Francisco's Mission District,No description available
